"year","council","income","activity","val"
2014,"Ruapehu District Council","Rates","Roading",4817
2014,"Ruapehu District Council","Regulatory income and petrol tax","Roading",176
2014,"Ruapehu District Council","Current grants, subsidies, and donations income","Roading",4984
2014,"Ruapehu District Council","Interest income","Roading",0
2014,"Ruapehu District Council","Dividend income","Roading",0
2014,"Ruapehu District Council","Sales and other operating income","Roading",1820
2014,"Ruapehu District Council","Employee costs","Roading",2117
2014,"Ruapehu District Council","Depreciation and amortisation","Roading",4573
2014,"Ruapehu District Council","Current grants, subsidies, and donations expenditure","Roading",0
2014,"Ruapehu District Council","Interest expenditure","Roading",0
2014,"Ruapehu District Council","Purchases and other operating expenditure","Roading",9274
2013,"Ruapehu District Council","Rates","Roading",4106
2013,"Ruapehu District Council","Regulatory income and petrol tax","Roading",494
2013,"Ruapehu District Council","Current grants, subsidies, and donations income","Roading",4155
2013,"Ruapehu District Council","Interest income","Roading",0
2013,"Ruapehu District Council","Dividend income","Roading",0
2013,"Ruapehu District Council","Sales and other operating income","Roading",0
2013,"Ruapehu District Council","Employee costs","Roading",0
2013,"Ruapehu District Council","Depreciation and amortisation","Roading",4570
2013,"Ruapehu District Council","Current grants, subsidies, and donations expenditure","Roading",0
2013,"Ruapehu District Council","Interest expenditure","Roading",0
2013,"Ruapehu District Council","Purchases and other operating expenditure","Roading",523
2012,"Ruapehu District Council","Rates","Roading",5268
2012,"Ruapehu District Council","Regulatory income and petrol tax","Roading",231
2012,"Ruapehu District Council","Current grants, subsidies, and donations income","Roading",6016
2012,"Ruapehu District Council","Interest income","Roading",0
2012,"Ruapehu District Council","Dividend income","Roading",0
2012,"Ruapehu District Council","Sales and other operating income","Roading",0
2012,"Ruapehu District Council","Employee costs","Roading",0
2012,"Ruapehu District Council","Depreciation and amortisation","Roading",4199
2012,"Ruapehu District Council","Current grants, subsidies, and donations expenditure","Roading",0
2012,"Ruapehu District Council","Interest expenditure","Roading",593
2012,"Ruapehu District Council","Purchases and other operating expenditure","Roading",7675
2011,"Ruapehu District Council","Rates","Roading",4914
2011,"Ruapehu District Council","Regulatory income and petrol tax","Roading",144
2011,"Ruapehu District Council","Current grants, subsidies, and donations income","Roading",10964
2011,"Ruapehu District Council","Interest income","Roading",0
2011,"Ruapehu District Council","Dividend income","Roading",0
2011,"Ruapehu District Council","Sales and other operating income","Roading",324
2011,"Ruapehu District Council","Employee costs","Roading",0
2011,"Ruapehu District Council","Depreciation and amortisation","Roading",3880
2011,"Ruapehu District Council","Current grants, subsidies, and donations expenditure","Roading",0
2011,"Ruapehu District Council","Interest expenditure","Roading",611
2011,"Ruapehu District Council","Purchases and other operating expenditure","Roading",6889
2010,"Ruapehu District Council","Rates","Roading",4452
2010,"Ruapehu District Council","Regulatory income and petrol tax","Roading",142
2010,"Ruapehu District Council","Current grants, subsidies, and donations income","Roading",6087
2010,"Ruapehu District Council","Interest income","Roading",0
2010,"Ruapehu District Council","Dividend income","Roading",0
2010,"Ruapehu District Council","Sales and other operating income","Roading",361
2010,"Ruapehu District Council","Employee costs","Roading",0
2010,"Ruapehu District Council","Depreciation and amortisation","Roading",3757
2010,"Ruapehu District Council","Current grants, subsidies, and donations expenditure","Roading",0
2010,"Ruapehu District Council","Interest expenditure","Roading",570
2010,"Ruapehu District Council","Purchases and other operating expenditure","Roading",7843
2009,"Ruapehu District Council","Rates","Roading",4376
2009,"Ruapehu District Council","Regulatory income and petrol tax","Roading",139
2009,"Ruapehu District Council","Current grants, subsidies, and donations income","Roading",6674
2009,"Ruapehu District Council","Interest income","Roading",0
2009,"Ruapehu District Council","Dividend income","Roading",0
2009,"Ruapehu District Council","Sales and other operating income","Roading",184
2009,"Ruapehu District Council","Employee costs","Roading",361
2009,"Ruapehu District Council","Depreciation and amortisation","Roading",3667
2009,"Ruapehu District Council","Current grants, subsidies, and donations expenditure","Roading",0
2009,"Ruapehu District Council","Interest expenditure","Roading",559
2009,"Ruapehu District Council","Purchases and other operating expenditure","Roading",8213
2014,"Ruapehu District Council","Rates","Transportation",0
2014,"Ruapehu District Council","Regulatory income and petrol tax","Transportation",0
2014,"Ruapehu District Council","Current grants, subsidies, and donations income","Transportation",0
2014,"Ruapehu District Council","Interest income","Transportation",0
2014,"Ruapehu District Council","Dividend income","Transportation",0
2014,"Ruapehu District Council","Sales and other operating income","Transportation",0
2014,"Ruapehu District Council","Employee costs","Transportation",0
2014,"Ruapehu District Council","Depreciation and amortisation","Transportation",0
2014,"Ruapehu District Council","Current grants, subsidies, and donations expenditure","Transportation",0
2014,"Ruapehu District Council","Interest expenditure","Transportation",0
2014,"Ruapehu District Council","Purchases and other operating expenditure","Transportation",0
2013,"Ruapehu District Council","Rates","Transportation",387
2013,"Ruapehu District Council","Regulatory income and petrol tax","Transportation",0
2013,"Ruapehu District Council","Current grants, subsidies, and donations income","Transportation",0
2013,"Ruapehu District Council","Interest income","Transportation",0
2013,"Ruapehu District Council","Dividend income","Transportation",0
2013,"Ruapehu District Council","Sales and other operating income","Transportation",0
2013,"Ruapehu District Council","Employee costs","Transportation",0
2013,"Ruapehu District Council","Depreciation and amortisation","Transportation",0
2013,"Ruapehu District Council","Current grants, subsidies, and donations expenditure","Transportation",0
2013,"Ruapehu District Council","Interest expenditure","Transportation",0
2013,"Ruapehu District Council","Purchases and other operating expenditure","Transportation",1241
2012,"Ruapehu District Council","Rates","Transportation",0
2012,"Ruapehu District Council","Regulatory income and petrol tax","Transportation",0
2012,"Ruapehu District Council","Current grants, subsidies, and donations income","Transportation",0
2012,"Ruapehu District Council","Interest income","Transportation",0
2012,"Ruapehu District Council","Dividend income","Transportation",0
2012,"Ruapehu District Council","Sales and other operating income","Transportation",0
2012,"Ruapehu District Council","Employee costs","Transportation",0
2012,"Ruapehu District Council","Depreciation and amortisation","Transportation",0
2012,"Ruapehu District Council","Current grants, subsidies, and donations expenditure","Transportation",0
2012,"Ruapehu District Council","Interest expenditure","Transportation",0
2012,"Ruapehu District Council","Purchases and other operating expenditure","Transportation",0
2011,"Ruapehu District Council","Rates","Transportation",0
2011,"Ruapehu District Council","Regulatory income and petrol tax","Transportation",0
2011,"Ruapehu District Council","Current grants, subsidies, and donations income","Transportation",0
2011,"Ruapehu District Council","Interest income","Transportation",0
2011,"Ruapehu District Council","Dividend income","Transportation",0
2011,"Ruapehu District Council","Sales and other operating income","Transportation",0
2011,"Ruapehu District Council","Employee costs","Transportation",0
2011,"Ruapehu District Council","Depreciation and amortisation","Transportation",0
2011,"Ruapehu District Council","Current grants, subsidies, and donations expenditure","Transportation",0
2011,"Ruapehu District Council","Interest expenditure","Transportation",0
2011,"Ruapehu District Council","Purchases and other operating expenditure","Transportation",0
2010,"Ruapehu District Council","Rates","Transportation",0
2010,"Ruapehu District Council","Regulatory income and petrol tax","Transportation",0
2010,"Ruapehu District Council","Current grants, subsidies, and donations income","Transportation",0
2010,"Ruapehu District Council","Interest income","Transportation",0
2010,"Ruapehu District Council","Dividend income","Transportation",0
2010,"Ruapehu District Council","Sales and other operating income","Transportation",8
2010,"Ruapehu District Council","Employee costs","Transportation",0
2010,"Ruapehu District Council","Depreciation and amortisation","Transportation",0
2010,"Ruapehu District Council","Current grants, subsidies, and donations expenditure","Transportation",0
2010,"Ruapehu District Council","Interest expenditure","Transportation",0
2010,"Ruapehu District Council","Purchases and other operating expenditure","Transportation",6
2009,"Ruapehu District Council","Rates","Transportation",0
2009,"Ruapehu District Council","Regulatory income and petrol tax","Transportation",0
2009,"Ruapehu District Council","Current grants, subsidies, and donations income","Transportation",0
2009,"Ruapehu District Council","Interest income","Transportation",0
2009,"Ruapehu District Council","Dividend income","Transportation",0
2009,"Ruapehu District Council","Sales and other operating income","Transportation",0
2009,"Ruapehu District Council","Employee costs","Transportation",0
2009,"Ruapehu District Council","Depreciation and amortisation","Transportation",0
2009,"Ruapehu District Council","Current grants, subsidies, and donations expenditure","Transportation",0
2009,"Ruapehu District Council","Interest expenditure","Transportation",0
2009,"Ruapehu District Council","Purchases and other operating expenditure","Transportation",0
2014,"Ruapehu District Council","Rates","Water supply",2713
2014,"Ruapehu District Council","Regulatory income and petrol tax","Water supply",0
2014,"Ruapehu District Council","Current grants, subsidies, and donations income","Water supply",0
2014,"Ruapehu District Council","Interest income","Water supply",0
2014,"Ruapehu District Council","Dividend income","Water supply",0
2014,"Ruapehu District Council","Sales and other operating income","Water supply",190
2014,"Ruapehu District Council","Employee costs","Water supply",0
2014,"Ruapehu District Council","Depreciation and amortisation","Water supply",1298
2014,"Ruapehu District Council","Current grants, subsidies, and donations expenditure","Water supply",0
2014,"Ruapehu District Council","Interest expenditure","Water supply",0
2014,"Ruapehu District Council","Purchases and other operating expenditure","Water supply",1911
2013,"Ruapehu District Council","Rates","Water supply",2585
2013,"Ruapehu District Council","Regulatory income and petrol tax","Water supply",0
2013,"Ruapehu District Council","Current grants, subsidies, and donations income","Water supply",0
2013,"Ruapehu District Council","Interest income","Water supply",0
2013,"Ruapehu District Council","Dividend income","Water supply",0
2013,"Ruapehu District Council","Sales and other operating income","Water supply",0
2013,"Ruapehu District Council","Employee costs","Water supply",0
2013,"Ruapehu District Council","Depreciation and amortisation","Water supply",1005
2013,"Ruapehu District Council","Current grants, subsidies, and donations expenditure","Water supply",0
2013,"Ruapehu District Council","Interest expenditure","Water supply",0
2013,"Ruapehu District Council","Purchases and other operating expenditure","Water supply",48
2012,"Ruapehu District Council","Rates","Water supply",2473
2012,"Ruapehu District Council","Regulatory income and petrol tax","Water supply",0
2012,"Ruapehu District Council","Current grants, subsidies, and donations income","Water supply",0
2012,"Ruapehu District Council","Interest income","Water supply",0
2012,"Ruapehu District Council","Dividend income","Water supply",0
2012,"Ruapehu District Council","Sales and other operating income","Water supply",303
2012,"Ruapehu District Council","Employee costs","Water supply",0
2012,"Ruapehu District Council","Depreciation and amortisation","Water supply",1289
2012,"Ruapehu District Council","Current grants, subsidies, and donations expenditure","Water supply",0
2012,"Ruapehu District Council","Interest expenditure","Water supply",448
2012,"Ruapehu District Council","Purchases and other operating expenditure","Water supply",1265
2011,"Ruapehu District Council","Rates","Water supply",2477
2011,"Ruapehu District Council","Regulatory income and petrol tax","Water supply",0
2011,"Ruapehu District Council","Current grants, subsidies, and donations income","Water supply",0
2011,"Ruapehu District Council","Interest income","Water supply",0
2011,"Ruapehu District Council","Dividend income","Water supply",0
2011,"Ruapehu District Council","Sales and other operating income","Water supply",517
2011,"Ruapehu District Council","Employee costs","Water supply",0
2011,"Ruapehu District Council","Depreciation and amortisation","Water supply",875
2011,"Ruapehu District Council","Current grants, subsidies, and donations expenditure","Water supply",0
2011,"Ruapehu District Council","Interest expenditure","Water supply",484
2011,"Ruapehu District Council","Purchases and other operating expenditure","Water supply",1329
2010,"Ruapehu District Council","Rates","Water supply",2418
2010,"Ruapehu District Council","Regulatory income and petrol tax","Water supply",0
2010,"Ruapehu District Council","Current grants, subsidies, and donations income","Water supply",117
2010,"Ruapehu District Council","Interest income","Water supply",0
2010,"Ruapehu District Council","Dividend income","Water supply",0
2010,"Ruapehu District Council","Sales and other operating income","Water supply",292
2010,"Ruapehu District Council","Employee costs","Water supply",0
2010,"Ruapehu District Council","Depreciation and amortisation","Water supply",822
2010,"Ruapehu District Council","Current grants, subsidies, and donations expenditure","Water supply",0
2010,"Ruapehu District Council","Interest expenditure","Water supply",541
2010,"Ruapehu District Council","Purchases and other operating expenditure","Water supply",1118
2009,"Ruapehu District Council","Rates","Water supply",2546
2009,"Ruapehu District Council","Regulatory income and petrol tax","Water supply",0
2009,"Ruapehu District Council","Current grants, subsidies, and donations income","Water supply",0
2009,"Ruapehu District Council","Interest income","Water supply",0
2009,"Ruapehu District Council","Dividend income","Water supply",0
2009,"Ruapehu District Council","Sales and other operating income","Water supply",223
2009,"Ruapehu District Council","Employee costs","Water supply",97
2009,"Ruapehu District Council","Depreciation and amortisation","Water supply",824
2009,"Ruapehu District Council","Current grants, subsidies, and donations expenditure","Water supply",301
2009,"Ruapehu District Council","Interest expenditure","Water supply",543
2009,"Ruapehu District Council","Purchases and other operating expenditure","Water supply",1372
2014,"Ruapehu District Council","Rates","Wastewater",2865
2014,"Ruapehu District Council","Regulatory income and petrol tax","Wastewater",2
2014,"Ruapehu District Council","Current grants, subsidies, and donations income","Wastewater",0
2014,"Ruapehu District Council","Interest income","Wastewater",0
2014,"Ruapehu District Council","Dividend income","Wastewater",0
2014,"Ruapehu District Council","Sales and other operating income","Wastewater",0
2014,"Ruapehu District Council","Employee costs","Wastewater",305
2014,"Ruapehu District Council","Depreciation and amortisation","Wastewater",1105
2014,"Ruapehu District Council","Current grants, subsidies, and donations expenditure","Wastewater",0
2014,"Ruapehu District Council","Interest expenditure","Wastewater",0
2014,"Ruapehu District Council","Purchases and other operating expenditure","Wastewater",1529
2013,"Ruapehu District Council","Rates","Wastewater",2797
2013,"Ruapehu District Council","Regulatory income and petrol tax","Wastewater",0
2013,"Ruapehu District Council","Current grants, subsidies, and donations income","Wastewater",0
2013,"Ruapehu District Council","Interest income","Wastewater",0
2013,"Ruapehu District Council","Dividend income","Wastewater",0
2013,"Ruapehu District Council","Sales and other operating income","Wastewater",46
2013,"Ruapehu District Council","Employee costs","Wastewater",0
2013,"Ruapehu District Council","Depreciation and amortisation","Wastewater",1070
2013,"Ruapehu District Council","Current grants, subsidies, and donations expenditure","Wastewater",0
2013,"Ruapehu District Council","Interest expenditure","Wastewater",0
2013,"Ruapehu District Council","Purchases and other operating expenditure","Wastewater",643
2012,"Ruapehu District Council","Rates","Wastewater",2599
2012,"Ruapehu District Council","Regulatory income and petrol tax","Wastewater",0
2012,"Ruapehu District Council","Current grants, subsidies, and donations income","Wastewater",0
2012,"Ruapehu District Council","Interest income","Wastewater",0
2012,"Ruapehu District Council","Dividend income","Wastewater",0
2012,"Ruapehu District Council","Sales and other operating income","Wastewater",53
2012,"Ruapehu District Council","Employee costs","Wastewater",0
2012,"Ruapehu District Council","Depreciation and amortisation","Wastewater",1209
2012,"Ruapehu District Council","Current grants, subsidies, and donations expenditure","Wastewater",0
2012,"Ruapehu District Council","Interest expenditure","Wastewater",312
2012,"Ruapehu District Council","Purchases and other operating expenditure","Wastewater",1207
2011,"Ruapehu District Council","Rates","Wastewater",2802
2011,"Ruapehu District Council","Regulatory income and petrol tax","Wastewater",0
2011,"Ruapehu District Council","Current grants, subsidies, and donations income","Wastewater",0
2011,"Ruapehu District Council","Interest income","Wastewater",0
2011,"Ruapehu District Council","Dividend income","Wastewater",0
2011,"Ruapehu District Council","Sales and other operating income","Wastewater",47
2011,"Ruapehu District Council","Employee costs","Wastewater",0
2011,"Ruapehu District Council","Depreciation and amortisation","Wastewater",1118
2011,"Ruapehu District Council","Current grants, subsidies, and donations expenditure","Wastewater",0
2011,"Ruapehu District Council","Interest expenditure","Wastewater",385
2011,"Ruapehu District Council","Purchases and other operating expenditure","Wastewater",838
2010,"Ruapehu District Council","Rates","Wastewater",2339
2010,"Ruapehu District Council","Regulatory income and petrol tax","Wastewater",0
2010,"Ruapehu District Council","Current grants, subsidies, and donations income","Wastewater",0
2010,"Ruapehu District Council","Interest income","Wastewater",0
2010,"Ruapehu District Council","Dividend income","Wastewater",0
2010,"Ruapehu District Council","Sales and other operating income","Wastewater",36
2010,"Ruapehu District Council","Employee costs","Wastewater",0
2010,"Ruapehu District Council","Depreciation and amortisation","Wastewater",1069
2010,"Ruapehu District Council","Current grants, subsidies, and donations expenditure","Wastewater",0
2010,"Ruapehu District Council","Interest expenditure","Wastewater",371
2010,"Ruapehu District Council","Purchases and other operating expenditure","Wastewater",862
2009,"Ruapehu District Council","Rates","Wastewater",2644
2009,"Ruapehu District Council","Regulatory income and petrol tax","Wastewater",0
2009,"Ruapehu District Council","Current grants, subsidies, and donations income","Wastewater",0
2009,"Ruapehu District Council","Interest income","Wastewater",0
2009,"Ruapehu District Council","Dividend income","Wastewater",0
2009,"Ruapehu District Council","Sales and other operating income","Wastewater",19
2009,"Ruapehu District Council","Employee costs","Wastewater",0
2009,"Ruapehu District Council","Depreciation and amortisation","Wastewater",1070
2009,"Ruapehu District Council","Current grants, subsidies, and donations expenditure","Wastewater",302
2009,"Ruapehu District Council","Interest expenditure","Wastewater",405
2009,"Ruapehu District Council","Purchases and other operating expenditure","Wastewater",1260
2014,"Ruapehu District Council","Rates","Solid waste/refuse",1200
2014,"Ruapehu District Council","Regulatory income and petrol tax","Solid waste/refuse",0
2014,"Ruapehu District Council","Current grants, subsidies, and donations income","Solid waste/refuse",0
2014,"Ruapehu District Council","Interest income","Solid waste/refuse",0
2014,"Ruapehu District Council","Dividend income","Solid waste/refuse",0
2014,"Ruapehu District Council","Sales and other operating income","Solid waste/refuse",18
2014,"Ruapehu District Council","Employee costs","Solid waste/refuse",393
2014,"Ruapehu District Council","Depreciation and amortisation","Solid waste/refuse",122
2014,"Ruapehu District Council","Current grants, subsidies, and donations expenditure","Solid waste/refuse",0
2014,"Ruapehu District Council","Interest expenditure","Solid waste/refuse",0
2014,"Ruapehu District Council","Purchases and other operating expenditure","Solid waste/refuse",316
2013,"Ruapehu District Council","Rates","Solid waste/refuse",897
2013,"Ruapehu District Council","Regulatory income and petrol tax","Solid waste/refuse",0
2013,"Ruapehu District Council","Current grants, subsidies, and donations income","Solid waste/refuse",0
2013,"Ruapehu District Council","Interest income","Solid waste/refuse",0
2013,"Ruapehu District Council","Dividend income","Solid waste/refuse",0
2013,"Ruapehu District Council","Sales and other operating income","Solid waste/refuse",642
2013,"Ruapehu District Council","Employee costs","Solid waste/refuse",0
2013,"Ruapehu District Council","Depreciation and amortisation","Solid waste/refuse",151
2013,"Ruapehu District Council","Current grants, subsidies, and donations expenditure","Solid waste/refuse",0
2013,"Ruapehu District Council","Interest expenditure","Solid waste/refuse",0
2013,"Ruapehu District Council","Purchases and other operating expenditure","Solid waste/refuse",52
2012,"Ruapehu District Council","Rates","Solid waste/refuse",1506
2012,"Ruapehu District Council","Regulatory income and petrol tax","Solid waste/refuse",0
2012,"Ruapehu District Council","Current grants, subsidies, and donations income","Solid waste/refuse",0
2012,"Ruapehu District Council","Interest income","Solid waste/refuse",0
2012,"Ruapehu District Council","Dividend income","Solid waste/refuse",0
2012,"Ruapehu District Council","Sales and other operating income","Solid waste/refuse",683
2012,"Ruapehu District Council","Employee costs","Solid waste/refuse",0
2012,"Ruapehu District Council","Depreciation and amortisation","Solid waste/refuse",128
2012,"Ruapehu District Council","Current grants, subsidies, and donations expenditure","Solid waste/refuse",0
2012,"Ruapehu District Council","Interest expenditure","Solid waste/refuse",91
2012,"Ruapehu District Council","Purchases and other operating expenditure","Solid waste/refuse",1420
2011,"Ruapehu District Council","Rates","Solid waste/refuse",1545
2011,"Ruapehu District Council","Regulatory income and petrol tax","Solid waste/refuse",0
2011,"Ruapehu District Council","Current grants, subsidies, and donations income","Solid waste/refuse",0
2011,"Ruapehu District Council","Interest income","Solid waste/refuse",0
2011,"Ruapehu District Council","Dividend income","Solid waste/refuse",0
2011,"Ruapehu District Council","Sales and other operating income","Solid waste/refuse",769
2011,"Ruapehu District Council","Employee costs","Solid waste/refuse",0
2011,"Ruapehu District Council","Depreciation and amortisation","Solid waste/refuse",123
2011,"Ruapehu District Council","Current grants, subsidies, and donations expenditure","Solid waste/refuse",0
2011,"Ruapehu District Council","Interest expenditure","Solid waste/refuse",90
2011,"Ruapehu District Council","Purchases and other operating expenditure","Solid waste/refuse",968
2010,"Ruapehu District Council","Rates","Solid waste/refuse",1154
2010,"Ruapehu District Council","Regulatory income and petrol tax","Solid waste/refuse",0
2010,"Ruapehu District Council","Current grants, subsidies, and donations income","Solid waste/refuse",10
2010,"Ruapehu District Council","Interest income","Solid waste/refuse",0
2010,"Ruapehu District Council","Dividend income","Solid waste/refuse",0
2010,"Ruapehu District Council","Sales and other operating income","Solid waste/refuse",670
2010,"Ruapehu District Council","Employee costs","Solid waste/refuse",0
2010,"Ruapehu District Council","Depreciation and amortisation","Solid waste/refuse",120
2010,"Ruapehu District Council","Current grants, subsidies, and donations expenditure","Solid waste/refuse",0
2010,"Ruapehu District Council","Interest expenditure","Solid waste/refuse",48
2010,"Ruapehu District Council","Purchases and other operating expenditure","Solid waste/refuse",986
2009,"Ruapehu District Council","Rates","Solid waste/refuse",1346
2009,"Ruapehu District Council","Regulatory income and petrol tax","Solid waste/refuse",0
2009,"Ruapehu District Council","Current grants, subsidies, and donations income","Solid waste/refuse",0
2009,"Ruapehu District Council","Interest income","Solid waste/refuse",0
2009,"Ruapehu District Council","Dividend income","Solid waste/refuse",0
2009,"Ruapehu District Council","Sales and other operating income","Solid waste/refuse",633
2009,"Ruapehu District Council","Employee costs","Solid waste/refuse",393
2009,"Ruapehu District Council","Depreciation and amortisation","Solid waste/refuse",125
2009,"Ruapehu District Council","Current grants, subsidies, and donations expenditure","Solid waste/refuse",0
2009,"Ruapehu District Council","Interest expenditure","Solid waste/refuse",96
2009,"Ruapehu District Council","Purchases and other operating expenditure","Solid waste/refuse",1269
2014,"Ruapehu District Council","Rates","Environmental protection",0
2014,"Ruapehu District Council","Regulatory income and petrol tax","Environmental protection",0
2014,"Ruapehu District Council","Current grants, subsidies, and donations income","Environmental protection",0
2014,"Ruapehu District Council","Interest income","Environmental protection",0
2014,"Ruapehu District Council","Dividend income","Environmental protection",0
2014,"Ruapehu District Council","Sales and other operating income","Environmental protection",0
2014,"Ruapehu District Council","Employee costs","Environmental protection",0
2014,"Ruapehu District Council","Depreciation and amortisation","Environmental protection",0
2014,"Ruapehu District Council","Current grants, subsidies, and donations expenditure","Environmental protection",0
2014,"Ruapehu District Council","Interest expenditure","Environmental protection",0
2014,"Ruapehu District Council","Purchases and other operating expenditure","Environmental protection",0
2013,"Ruapehu District Council","Rates","Environmental protection",76
2013,"Ruapehu District Council","Regulatory income and petrol tax","Environmental protection",0
2013,"Ruapehu District Council","Current grants, subsidies, and donations income","Environmental protection",0
2013,"Ruapehu District Council","Interest income","Environmental protection",0
2013,"Ruapehu District Council","Dividend income","Environmental protection",0
2013,"Ruapehu District Council","Sales and other operating income","Environmental protection",0
2013,"Ruapehu District Council","Employee costs","Environmental protection",0
2013,"Ruapehu District Council","Depreciation and amortisation","Environmental protection",0
2013,"Ruapehu District Council","Current grants, subsidies, and donations expenditure","Environmental protection",0
2013,"Ruapehu District Council","Interest expenditure","Environmental protection",0
2013,"Ruapehu District Council","Purchases and other operating expenditure","Environmental protection",0
2012,"Ruapehu District Council","Rates","Environmental protection",0
2012,"Ruapehu District Council","Regulatory income and petrol tax","Environmental protection",0
2012,"Ruapehu District Council","Current grants, subsidies, and donations income","Environmental protection",0
2012,"Ruapehu District Council","Interest income","Environmental protection",0
2012,"Ruapehu District Council","Dividend income","Environmental protection",0
2012,"Ruapehu District Council","Sales and other operating income","Environmental protection",0
2012,"Ruapehu District Council","Employee costs","Environmental protection",0
2012,"Ruapehu District Council","Depreciation and amortisation","Environmental protection",0
2012,"Ruapehu District Council","Current grants, subsidies, and donations expenditure","Environmental protection",0
2012,"Ruapehu District Council","Interest expenditure","Environmental protection",0
2012,"Ruapehu District Council","Purchases and other operating expenditure","Environmental protection",0
2011,"Ruapehu District Council","Rates","Environmental protection",0
2011,"Ruapehu District Council","Regulatory income and petrol tax","Environmental protection",0
2011,"Ruapehu District Council","Current grants, subsidies, and donations income","Environmental protection",0
2011,"Ruapehu District Council","Interest income","Environmental protection",0
2011,"Ruapehu District Council","Dividend income","Environmental protection",0
2011,"Ruapehu District Council","Sales and other operating income","Environmental protection",0
2011,"Ruapehu District Council","Employee costs","Environmental protection",0
2011,"Ruapehu District Council","Depreciation and amortisation","Environmental protection",0
2011,"Ruapehu District Council","Current grants, subsidies, and donations expenditure","Environmental protection",0
2011,"Ruapehu District Council","Interest expenditure","Environmental protection",0
2011,"Ruapehu District Council","Purchases and other operating expenditure","Environmental protection",0
2010,"Ruapehu District Council","Rates","Environmental protection",0
2010,"Ruapehu District Council","Regulatory income and petrol tax","Environmental protection",111
2010,"Ruapehu District Council","Current grants, subsidies, and donations income","Environmental protection",0
2010,"Ruapehu District Council","Interest income","Environmental protection",0
2010,"Ruapehu District Council","Dividend income","Environmental protection",0
2010,"Ruapehu District Council","Sales and other operating income","Environmental protection",0
2010,"Ruapehu District Council","Employee costs","Environmental protection",0
2010,"Ruapehu District Council","Depreciation and amortisation","Environmental protection",0
2010,"Ruapehu District Council","Current grants, subsidies, and donations expenditure","Environmental protection",0
2010,"Ruapehu District Council","Interest expenditure","Environmental protection",0
2010,"Ruapehu District Council","Purchases and other operating expenditure","Environmental protection",237
2009,"Ruapehu District Council","Rates","Environmental protection",0
2009,"Ruapehu District Council","Regulatory income and petrol tax","Environmental protection",0
2009,"Ruapehu District Council","Current grants, subsidies, and donations income","Environmental protection",0
2009,"Ruapehu District Council","Interest income","Environmental protection",0
2009,"Ruapehu District Council","Dividend income","Environmental protection",0
2009,"Ruapehu District Council","Sales and other operating income","Environmental protection",0
2009,"Ruapehu District Council","Employee costs","Environmental protection",0
2009,"Ruapehu District Council","Depreciation and amortisation","Environmental protection",0
2009,"Ruapehu District Council","Current grants, subsidies, and donations expenditure","Environmental protection",0
2009,"Ruapehu District Council","Interest expenditure","Environmental protection",0
2009,"Ruapehu District Council","Purchases and other operating expenditure","Environmental protection",0
2014,"Ruapehu District Council","Rates","Culture",0
2014,"Ruapehu District Council","Regulatory income and petrol tax","Culture",0
2014,"Ruapehu District Council","Current grants, subsidies, and donations income","Culture",0
2014,"Ruapehu District Council","Interest income","Culture",0
2014,"Ruapehu District Council","Dividend income","Culture",0
2014,"Ruapehu District Council","Sales and other operating income","Culture",0
2014,"Ruapehu District Council","Employee costs","Culture",0
2014,"Ruapehu District Council","Depreciation and amortisation","Culture",0
2014,"Ruapehu District Council","Current grants, subsidies, and donations expenditure","Culture",0
2014,"Ruapehu District Council","Interest expenditure","Culture",0
2014,"Ruapehu District Council","Purchases and other operating expenditure","Culture",0
2013,"Ruapehu District Council","Rates","Culture",409
2013,"Ruapehu District Council","Regulatory income and petrol tax","Culture",0
2013,"Ruapehu District Council","Current grants, subsidies, and donations income","Culture",0
2013,"Ruapehu District Council","Interest income","Culture",0
2013,"Ruapehu District Council","Dividend income","Culture",0
2013,"Ruapehu District Council","Sales and other operating income","Culture",20
2013,"Ruapehu District Council","Employee costs","Culture",0
2013,"Ruapehu District Council","Depreciation and amortisation","Culture",49
2013,"Ruapehu District Council","Current grants, subsidies, and donations expenditure","Culture",0
2013,"Ruapehu District Council","Interest expenditure","Culture",0
2013,"Ruapehu District Council","Purchases and other operating expenditure","Culture",0
2012,"Ruapehu District Council","Rates","Culture",0
2012,"Ruapehu District Council","Regulatory income and petrol tax","Culture",0
2012,"Ruapehu District Council","Current grants, subsidies, and donations income","Culture",0
2012,"Ruapehu District Council","Interest income","Culture",0
2012,"Ruapehu District Council","Dividend income","Culture",0
2012,"Ruapehu District Council","Sales and other operating income","Culture",0
2012,"Ruapehu District Council","Employee costs","Culture",0
2012,"Ruapehu District Council","Depreciation and amortisation","Culture",47
2012,"Ruapehu District Council","Current grants, subsidies, and donations expenditure","Culture",0
2012,"Ruapehu District Council","Interest expenditure","Culture",0
2012,"Ruapehu District Council","Purchases and other operating expenditure","Culture",14
2011,"Ruapehu District Council","Rates","Culture",0
2011,"Ruapehu District Council","Regulatory income and petrol tax","Culture",0
2011,"Ruapehu District Council","Current grants, subsidies, and donations income","Culture",0
2011,"Ruapehu District Council","Interest income","Culture",0
2011,"Ruapehu District Council","Dividend income","Culture",0
2011,"Ruapehu District Council","Sales and other operating income","Culture",0
2011,"Ruapehu District Council","Employee costs","Culture",0
2011,"Ruapehu District Council","Depreciation and amortisation","Culture",0
2011,"Ruapehu District Council","Current grants, subsidies, and donations expenditure","Culture",0
2011,"Ruapehu District Council","Interest expenditure","Culture",0
2011,"Ruapehu District Council","Purchases and other operating expenditure","Culture",0
2010,"Ruapehu District Council","Rates","Culture",0
2010,"Ruapehu District Council","Regulatory income and petrol tax","Culture",0
2010,"Ruapehu District Council","Current grants, subsidies, and donations income","Culture",0
2010,"Ruapehu District Council","Interest income","Culture",0
2010,"Ruapehu District Council","Dividend income","Culture",0
2010,"Ruapehu District Council","Sales and other operating income","Culture",28
2010,"Ruapehu District Council","Employee costs","Culture",0
2010,"Ruapehu District Council","Depreciation and amortisation","Culture",43
2010,"Ruapehu District Council","Current grants, subsidies, and donations expenditure","Culture",0
2010,"Ruapehu District Council","Interest expenditure","Culture",0
2010,"Ruapehu District Council","Purchases and other operating expenditure","Culture",20
2009,"Ruapehu District Council","Rates","Culture",209
2009,"Ruapehu District Council","Regulatory income and petrol tax","Culture",0
2009,"Ruapehu District Council","Current grants, subsidies, and donations income","Culture",0
2009,"Ruapehu District Council","Interest income","Culture",0
2009,"Ruapehu District Council","Dividend income","Culture",0
2009,"Ruapehu District Council","Sales and other operating income","Culture",28
2009,"Ruapehu District Council","Employee costs","Culture",121
2009,"Ruapehu District Council","Depreciation and amortisation","Culture",69
2009,"Ruapehu District Council","Current grants, subsidies, and donations expenditure","Culture",0
2009,"Ruapehu District Council","Interest expenditure","Culture",0
2009,"Ruapehu District Council","Purchases and other operating expenditure","Culture",74
2014,"Ruapehu District Council","Rates","Recreation and sport",2237
2014,"Ruapehu District Council","Regulatory income and petrol tax","Recreation and sport",0
2014,"Ruapehu District Council","Current grants, subsidies, and donations income","Recreation and sport",0
2014,"Ruapehu District Council","Interest income","Recreation and sport",0
2014,"Ruapehu District Council","Dividend income","Recreation and sport",0
2014,"Ruapehu District Council","Sales and other operating income","Recreation and sport",29
2014,"Ruapehu District Council","Employee costs","Recreation and sport",536
2014,"Ruapehu District Council","Depreciation and amortisation","Recreation and sport",900
2014,"Ruapehu District Council","Current grants, subsidies, and donations expenditure","Recreation and sport",0
2014,"Ruapehu District Council","Interest expenditure","Recreation and sport",0
2014,"Ruapehu District Council","Purchases and other operating expenditure","Recreation and sport",201
2013,"Ruapehu District Council","Rates","Recreation and sport",1700
2013,"Ruapehu District Council","Regulatory income and petrol tax","Recreation and sport",0
2013,"Ruapehu District Council","Current grants, subsidies, and donations income","Recreation and sport",0
2013,"Ruapehu District Council","Interest income","Recreation and sport",0
2013,"Ruapehu District Council","Dividend income","Recreation and sport",0
2013,"Ruapehu District Council","Sales and other operating income","Recreation and sport",19
2013,"Ruapehu District Council","Employee costs","Recreation and sport",0
2013,"Ruapehu District Council","Depreciation and amortisation","Recreation and sport",0
2013,"Ruapehu District Council","Current grants, subsidies, and donations expenditure","Recreation and sport",0
2013,"Ruapehu District Council","Interest expenditure","Recreation and sport",0
2013,"Ruapehu District Council","Purchases and other operating expenditure","Recreation and sport",253
2012,"Ruapehu District Council","Rates","Recreation and sport",1898
2012,"Ruapehu District Council","Regulatory income and petrol tax","Recreation and sport",0
2012,"Ruapehu District Council","Current grants, subsidies, and donations income","Recreation and sport",0
2012,"Ruapehu District Council","Interest income","Recreation and sport",0
2012,"Ruapehu District Council","Dividend income","Recreation and sport",0
2012,"Ruapehu District Council","Sales and other operating income","Recreation and sport",142
2012,"Ruapehu District Council","Employee costs","Recreation and sport",0
2012,"Ruapehu District Council","Depreciation and amortisation","Recreation and sport",35
2012,"Ruapehu District Council","Current grants, subsidies, and donations expenditure","Recreation and sport",25
2012,"Ruapehu District Council","Interest expenditure","Recreation and sport",7
2012,"Ruapehu District Council","Purchases and other operating expenditure","Recreation and sport",1078
2011,"Ruapehu District Council","Rates","Recreation and sport",2015
2011,"Ruapehu District Council","Regulatory income and petrol tax","Recreation and sport",0
2011,"Ruapehu District Council","Current grants, subsidies, and donations income","Recreation and sport",0
2011,"Ruapehu District Council","Interest income","Recreation and sport",0
2011,"Ruapehu District Council","Dividend income","Recreation and sport",0
2011,"Ruapehu District Council","Sales and other operating income","Recreation and sport",160
2011,"Ruapehu District Council","Employee costs","Recreation and sport",0
2011,"Ruapehu District Council","Depreciation and amortisation","Recreation and sport",115
2011,"Ruapehu District Council","Current grants, subsidies, and donations expenditure","Recreation and sport",0
2011,"Ruapehu District Council","Interest expenditure","Recreation and sport",8
2011,"Ruapehu District Council","Purchases and other operating expenditure","Recreation and sport",1330
2010,"Ruapehu District Council","Rates","Recreation and sport",607
2010,"Ruapehu District Council","Regulatory income and petrol tax","Recreation and sport",0
2010,"Ruapehu District Council","Current grants, subsidies, and donations income","Recreation and sport",0
2010,"Ruapehu District Council","Interest income","Recreation and sport",0
2010,"Ruapehu District Council","Dividend income","Recreation and sport",0
2010,"Ruapehu District Council","Sales and other operating income","Recreation and sport",179
2010,"Ruapehu District Council","Employee costs","Recreation and sport",0
2010,"Ruapehu District Council","Depreciation and amortisation","Recreation and sport",50
2010,"Ruapehu District Council","Current grants, subsidies, and donations expenditure","Recreation and sport",50
2010,"Ruapehu District Council","Interest expenditure","Recreation and sport",7
2010,"Ruapehu District Council","Purchases and other operating expenditure","Recreation and sport",967
2009,"Ruapehu District Council","Rates","Recreation and sport",1433
2009,"Ruapehu District Council","Regulatory income and petrol tax","Recreation and sport",0
2009,"Ruapehu District Council","Current grants, subsidies, and donations income","Recreation and sport",0
2009,"Ruapehu District Council","Interest income","Recreation and sport",0
2009,"Ruapehu District Council","Dividend income","Recreation and sport",0
2009,"Ruapehu District Council","Sales and other operating income","Recreation and sport",50
2009,"Ruapehu District Council","Employee costs","Recreation and sport",200
2009,"Ruapehu District Council","Depreciation and amortisation","Recreation and sport",43
2009,"Ruapehu District Council","Current grants, subsidies, and donations expenditure","Recreation and sport",0
2009,"Ruapehu District Council","Interest expenditure","Recreation and sport",10
2009,"Ruapehu District Council","Purchases and other operating expenditure","Recreation and sport",1247
2014,"Ruapehu District Council","Rates","Property",0
2014,"Ruapehu District Council","Regulatory income and petrol tax","Property",0
2014,"Ruapehu District Council","Current grants, subsidies, and donations income","Property",0
2014,"Ruapehu District Council","Interest income","Property",0
2014,"Ruapehu District Council","Dividend income","Property",0
2014,"Ruapehu District Council","Sales and other operating income","Property",0
2014,"Ruapehu District Council","Employee costs","Property",0
2014,"Ruapehu District Council","Depreciation and amortisation","Property",0
2014,"Ruapehu District Council","Current grants, subsidies, and donations expenditure","Property",0
2014,"Ruapehu District Council","Interest expenditure","Property",0
2014,"Ruapehu District Council","Purchases and other operating expenditure","Property",0
2013,"Ruapehu District Council","Rates","Property",247
2013,"Ruapehu District Council","Regulatory income and petrol tax","Property",0
2013,"Ruapehu District Council","Current grants, subsidies, and donations income","Property",4
2013,"Ruapehu District Council","Interest income","Property",0
2013,"Ruapehu District Council","Dividend income","Property",0
2013,"Ruapehu District Council","Sales and other operating income","Property",857
2013,"Ruapehu District Council","Employee costs","Property",0
2013,"Ruapehu District Council","Depreciation and amortisation","Property",923
2013,"Ruapehu District Council","Current grants, subsidies, and donations expenditure","Property",0
2013,"Ruapehu District Council","Interest expenditure","Property",0
2013,"Ruapehu District Council","Purchases and other operating expenditure","Property",242
2012,"Ruapehu District Council","Rates","Property",212
2012,"Ruapehu District Council","Regulatory income and petrol tax","Property",0
2012,"Ruapehu District Council","Current grants, subsidies, and donations income","Property",0
2012,"Ruapehu District Council","Interest income","Property",0
2012,"Ruapehu District Council","Dividend income","Property",0
2012,"Ruapehu District Council","Sales and other operating income","Property",346
2012,"Ruapehu District Council","Employee costs","Property",0
2012,"Ruapehu District Council","Depreciation and amortisation","Property",17
2012,"Ruapehu District Council","Current grants, subsidies, and donations expenditure","Property",0
2012,"Ruapehu District Council","Interest expenditure","Property",0
2012,"Ruapehu District Council","Purchases and other operating expenditure","Property",212
2011,"Ruapehu District Council","Rates","Property",204
2011,"Ruapehu District Council","Regulatory income and petrol tax","Property",0
2011,"Ruapehu District Council","Current grants, subsidies, and donations income","Property",0
2011,"Ruapehu District Council","Interest income","Property",0
2011,"Ruapehu District Council","Dividend income","Property",0
2011,"Ruapehu District Council","Sales and other operating income","Property",322
2011,"Ruapehu District Council","Employee costs","Property",0
2011,"Ruapehu District Council","Depreciation and amortisation","Property",31
2011,"Ruapehu District Council","Current grants, subsidies, and donations expenditure","Property",0
2011,"Ruapehu District Council","Interest expenditure","Property",7
2011,"Ruapehu District Council","Purchases and other operating expenditure","Property",262
2010,"Ruapehu District Council","Rates","Property",556
2010,"Ruapehu District Council","Regulatory income and petrol tax","Property",0
2010,"Ruapehu District Council","Current grants, subsidies, and donations income","Property",0
2010,"Ruapehu District Council","Interest income","Property",0
2010,"Ruapehu District Council","Dividend income","Property",0
2010,"Ruapehu District Council","Sales and other operating income","Property",406
2010,"Ruapehu District Council","Employee costs","Property",0
2010,"Ruapehu District Council","Depreciation and amortisation","Property",57
2010,"Ruapehu District Council","Current grants, subsidies, and donations expenditure","Property",556
2010,"Ruapehu District Council","Interest expenditure","Property",15
2010,"Ruapehu District Council","Purchases and other operating expenditure","Property",521
2009,"Ruapehu District Council","Rates","Property",238
2009,"Ruapehu District Council","Regulatory income and petrol tax","Property",0
2009,"Ruapehu District Council","Current grants, subsidies, and donations income","Property",0
2009,"Ruapehu District Council","Interest income","Property",0
2009,"Ruapehu District Council","Dividend income","Property",0
2009,"Ruapehu District Council","Sales and other operating income","Property",386
2009,"Ruapehu District Council","Employee costs","Property",0
2009,"Ruapehu District Council","Depreciation and amortisation","Property",41
2009,"Ruapehu District Council","Current grants, subsidies, and donations expenditure","Property",0
2009,"Ruapehu District Council","Interest expenditure","Property",24
2009,"Ruapehu District Council","Purchases and other operating expenditure","Property",442
2014,"Ruapehu District Council","Rates","Emergency management",1475
2014,"Ruapehu District Council","Regulatory income and petrol tax","Emergency management",879
2014,"Ruapehu District Council","Current grants, subsidies, and donations income","Emergency management",0
2014,"Ruapehu District Council","Interest income","Emergency management",0
2014,"Ruapehu District Council","Dividend income","Emergency management",0
2014,"Ruapehu District Council","Sales and other operating income","Emergency management",10
2014,"Ruapehu District Council","Employee costs","Emergency management",519
2014,"Ruapehu District Council","Depreciation and amortisation","Emergency management",0
2014,"Ruapehu District Council","Current grants, subsidies, and donations expenditure","Emergency management",0
2014,"Ruapehu District Council","Interest expenditure","Emergency management",0
2014,"Ruapehu District Council","Purchases and other operating expenditure","Emergency management",63
2013,"Ruapehu District Council","Rates","Emergency management",979
2013,"Ruapehu District Council","Regulatory income and petrol tax","Emergency management",0
2013,"Ruapehu District Council","Current grants, subsidies, and donations income","Emergency management",0
2013,"Ruapehu District Council","Interest income","Emergency management",0
2013,"Ruapehu District Council","Dividend income","Emergency management",0
2013,"Ruapehu District Council","Sales and other operating income","Emergency management",0
2013,"Ruapehu District Council","Employee costs","Emergency management",0
2013,"Ruapehu District Council","Depreciation and amortisation","Emergency management",0
2013,"Ruapehu District Council","Current grants, subsidies, and donations expenditure","Emergency management",0
2013,"Ruapehu District Council","Interest expenditure","Emergency management",0
2013,"Ruapehu District Council","Purchases and other operating expenditure","Emergency management",1
2012,"Ruapehu District Council","Rates","Emergency management",175
2012,"Ruapehu District Council","Regulatory income and petrol tax","Emergency management",0
2012,"Ruapehu District Council","Current grants, subsidies, and donations income","Emergency management",0
2012,"Ruapehu District Council","Interest income","Emergency management",0
2012,"Ruapehu District Council","Dividend income","Emergency management",0
2012,"Ruapehu District Council","Sales and other operating income","Emergency management",0
2012,"Ruapehu District Council","Employee costs","Emergency management",0
2012,"Ruapehu District Council","Depreciation and amortisation","Emergency management",10
2012,"Ruapehu District Council","Current grants, subsidies, and donations expenditure","Emergency management",0
2012,"Ruapehu District Council","Interest expenditure","Emergency management",0
2012,"Ruapehu District Council","Purchases and other operating expenditure","Emergency management",91
2011,"Ruapehu District Council","Rates","Emergency management",0
2011,"Ruapehu District Council","Regulatory income and petrol tax","Emergency management",0
2011,"Ruapehu District Council","Current grants, subsidies, and donations income","Emergency management",0
2011,"Ruapehu District Council","Interest income","Emergency management",0
2011,"Ruapehu District Council","Dividend income","Emergency management",0
2011,"Ruapehu District Council","Sales and other operating income","Emergency management",0
2011,"Ruapehu District Council","Employee costs","Emergency management",0
2011,"Ruapehu District Council","Depreciation and amortisation","Emergency management",0
2011,"Ruapehu District Council","Current grants, subsidies, and donations expenditure","Emergency management",0
2011,"Ruapehu District Council","Interest expenditure","Emergency management",0
2011,"Ruapehu District Council","Purchases and other operating expenditure","Emergency management",0
2010,"Ruapehu District Council","Rates","Emergency management",221
2010,"Ruapehu District Council","Regulatory income and petrol tax","Emergency management",0
2010,"Ruapehu District Council","Current grants, subsidies, and donations income","Emergency management",0
2010,"Ruapehu District Council","Interest income","Emergency management",0
2010,"Ruapehu District Council","Dividend income","Emergency management",0
2010,"Ruapehu District Council","Sales and other operating income","Emergency management",9
2010,"Ruapehu District Council","Employee costs","Emergency management",0
2010,"Ruapehu District Council","Depreciation and amortisation","Emergency management",8
2010,"Ruapehu District Council","Current grants, subsidies, and donations expenditure","Emergency management",0
2010,"Ruapehu District Council","Interest expenditure","Emergency management",0
2010,"Ruapehu District Council","Purchases and other operating expenditure","Emergency management",29
2009,"Ruapehu District Council","Rates","Emergency management",125
2009,"Ruapehu District Council","Regulatory income and petrol tax","Emergency management",14
2009,"Ruapehu District Council","Current grants, subsidies, and donations income","Emergency management",0
2009,"Ruapehu District Council","Interest income","Emergency management",0
2009,"Ruapehu District Council","Dividend income","Emergency management",0
2009,"Ruapehu District Council","Sales and other operating income","Emergency management",0
2009,"Ruapehu District Council","Employee costs","Emergency management",56
2009,"Ruapehu District Council","Depreciation and amortisation","Emergency management",2
2009,"Ruapehu District Council","Current grants, subsidies, and donations expenditure","Emergency management",0
2009,"Ruapehu District Council","Interest expenditure","Emergency management",0
2009,"Ruapehu District Council","Purchases and other operating expenditure","Emergency management",73
2014,"Ruapehu District Council","Rates","Planning and regulation",1870
2014,"Ruapehu District Council","Regulatory income and petrol tax","Planning and regulation",731
2014,"Ruapehu District Council","Current grants, subsidies, and donations income","Planning and regulation",0
2014,"Ruapehu District Council","Interest income","Planning and regulation",0
2014,"Ruapehu District Council","Dividend income","Planning and regulation",0
2014,"Ruapehu District Council","Sales and other operating income","Planning and regulation",61
2014,"Ruapehu District Council","Employee costs","Planning and regulation",213
2014,"Ruapehu District Council","Depreciation and amortisation","Planning and regulation",0
2014,"Ruapehu District Council","Current grants, subsidies, and donations expenditure","Planning and regulation",0
2014,"Ruapehu District Council","Interest expenditure","Planning and regulation",0
2014,"Ruapehu District Council","Purchases and other operating expenditure","Planning and regulation",0
2013,"Ruapehu District Council","Rates","Planning and regulation",1121
2013,"Ruapehu District Council","Regulatory income and petrol tax","Planning and regulation",710
2013,"Ruapehu District Council","Current grants, subsidies, and donations income","Planning and regulation",0
2013,"Ruapehu District Council","Interest income","Planning and regulation",0
2013,"Ruapehu District Council","Dividend income","Planning and regulation",0
2013,"Ruapehu District Council","Sales and other operating income","Planning and regulation",141
2013,"Ruapehu District Council","Employee costs","Planning and regulation",0
2013,"Ruapehu District Council","Depreciation and amortisation","Planning and regulation",2
2013,"Ruapehu District Council","Current grants, subsidies, and donations expenditure","Planning and regulation",0
2013,"Ruapehu District Council","Interest expenditure","Planning and regulation",0
2013,"Ruapehu District Council","Purchases and other operating expenditure","Planning and regulation",240
2012,"Ruapehu District Council","Rates","Planning and regulation",1363
2012,"Ruapehu District Council","Regulatory income and petrol tax","Planning and regulation",975
2012,"Ruapehu District Council","Current grants, subsidies, and donations income","Planning and regulation",0
2012,"Ruapehu District Council","Interest income","Planning and regulation",0
2012,"Ruapehu District Council","Dividend income","Planning and regulation",0
2012,"Ruapehu District Council","Sales and other operating income","Planning and regulation",0
2012,"Ruapehu District Council","Employee costs","Planning and regulation",0
2012,"Ruapehu District Council","Depreciation and amortisation","Planning and regulation",0
2012,"Ruapehu District Council","Current grants, subsidies, and donations expenditure","Planning and regulation",0
2012,"Ruapehu District Council","Interest expenditure","Planning and regulation",20
2012,"Ruapehu District Council","Purchases and other operating expenditure","Planning and regulation",1212
2011,"Ruapehu District Council","Rates","Planning and regulation",1445
2011,"Ruapehu District Council","Regulatory income and petrol tax","Planning and regulation",647
2011,"Ruapehu District Council","Current grants, subsidies, and donations income","Planning and regulation",0
2011,"Ruapehu District Council","Interest income","Planning and regulation",0
2011,"Ruapehu District Council","Dividend income","Planning and regulation",0
2011,"Ruapehu District Council","Sales and other operating income","Planning and regulation",134
2011,"Ruapehu District Council","Employee costs","Planning and regulation",0
2011,"Ruapehu District Council","Depreciation and amortisation","Planning and regulation",0
2011,"Ruapehu District Council","Current grants, subsidies, and donations expenditure","Planning and regulation",0
2011,"Ruapehu District Council","Interest expenditure","Planning and regulation",0
2011,"Ruapehu District Council","Purchases and other operating expenditure","Planning and regulation",536
2010,"Ruapehu District Council","Rates","Planning and regulation",0
2010,"Ruapehu District Council","Regulatory income and petrol tax","Planning and regulation",521
2010,"Ruapehu District Council","Current grants, subsidies, and donations income","Planning and regulation",0
2010,"Ruapehu District Council","Interest income","Planning and regulation",0
2010,"Ruapehu District Council","Dividend income","Planning and regulation",0
2010,"Ruapehu District Council","Sales and other operating income","Planning and regulation",102
2010,"Ruapehu District Council","Employee costs","Planning and regulation",0
2010,"Ruapehu District Council","Depreciation and amortisation","Planning and regulation",0
2010,"Ruapehu District Council","Current grants, subsidies, and donations expenditure","Planning and regulation",0
2010,"Ruapehu District Council","Interest expenditure","Planning and regulation",4
2010,"Ruapehu District Council","Purchases and other operating expenditure","Planning and regulation",130
2009,"Ruapehu District Council","Rates","Planning and regulation",797
2009,"Ruapehu District Council","Regulatory income and petrol tax","Planning and regulation",547
2009,"Ruapehu District Council","Current grants, subsidies, and donations income","Planning and regulation",0
2009,"Ruapehu District Council","Interest income","Planning and regulation",0
2009,"Ruapehu District Council","Dividend income","Planning and regulation",0
2009,"Ruapehu District Council","Sales and other operating income","Planning and regulation",218
2009,"Ruapehu District Council","Employee costs","Planning and regulation",682
2009,"Ruapehu District Council","Depreciation and amortisation","Planning and regulation",0
2009,"Ruapehu District Council","Current grants, subsidies, and donations expenditure","Planning and regulation",0
2009,"Ruapehu District Council","Interest expenditure","Planning and regulation",9
2009,"Ruapehu District Council","Purchases and other operating expenditure","Planning and regulation",1374
2014,"Ruapehu District Council","Rates","Community development",0
2014,"Ruapehu District Council","Regulatory income and petrol tax","Community development",0
2014,"Ruapehu District Council","Current grants, subsidies, and donations income","Community development",0
2014,"Ruapehu District Council","Interest income","Community development",0
2014,"Ruapehu District Council","Dividend income","Community development",0
2014,"Ruapehu District Council","Sales and other operating income","Community development",0
2014,"Ruapehu District Council","Employee costs","Community development",0
2014,"Ruapehu District Council","Depreciation and amortisation","Community development",0
2014,"Ruapehu District Council","Current grants, subsidies, and donations expenditure","Community development",0
2014,"Ruapehu District Council","Interest expenditure","Community development",0
2014,"Ruapehu District Council","Purchases and other operating expenditure","Community development",0
2013,"Ruapehu District Council","Rates","Community development",394
2013,"Ruapehu District Council","Regulatory income and petrol tax","Community development",0
2013,"Ruapehu District Council","Current grants, subsidies, and donations income","Community development",130
2013,"Ruapehu District Council","Interest income","Community development",0
2013,"Ruapehu District Council","Dividend income","Community development",0
2013,"Ruapehu District Council","Sales and other operating income","Community development",16
2013,"Ruapehu District Council","Employee costs","Community development",0
2013,"Ruapehu District Council","Depreciation and amortisation","Community development",0
2013,"Ruapehu District Council","Current grants, subsidies, and donations expenditure","Community development",76
2013,"Ruapehu District Council","Interest expenditure","Community development",0
2013,"Ruapehu District Council","Purchases and other operating expenditure","Community development",0
2012,"Ruapehu District Council","Rates","Community development",0
2012,"Ruapehu District Council","Regulatory income and petrol tax","Community development",0
2012,"Ruapehu District Council","Current grants, subsidies, and donations income","Community development",0
2012,"Ruapehu District Council","Interest income","Community development",0
2012,"Ruapehu District Council","Dividend income","Community development",0
2012,"Ruapehu District Council","Sales and other operating income","Community development",0
2012,"Ruapehu District Council","Employee costs","Community development",0
2012,"Ruapehu District Council","Depreciation and amortisation","Community development",0
2012,"Ruapehu District Council","Current grants, subsidies, and donations expenditure","Community development",0
2012,"Ruapehu District Council","Interest expenditure","Community development",0
2012,"Ruapehu District Council","Purchases and other operating expenditure","Community development",0
2011,"Ruapehu District Council","Rates","Community development",761
2011,"Ruapehu District Council","Regulatory income and petrol tax","Community development",0
2011,"Ruapehu District Council","Current grants, subsidies, and donations income","Community development",0
2011,"Ruapehu District Council","Interest income","Community development",0
2011,"Ruapehu District Council","Dividend income","Community development",0
2011,"Ruapehu District Council","Sales and other operating income","Community development",407
2011,"Ruapehu District Council","Employee costs","Community development",0
2011,"Ruapehu District Council","Depreciation and amortisation","Community development",0
2011,"Ruapehu District Council","Current grants, subsidies, and donations expenditure","Community development",0
2011,"Ruapehu District Council","Interest expenditure","Community development",0
2011,"Ruapehu District Council","Purchases and other operating expenditure","Community development",822
2010,"Ruapehu District Council","Rates","Community development",513
2010,"Ruapehu District Council","Regulatory income and petrol tax","Community development",0
2010,"Ruapehu District Council","Current grants, subsidies, and donations income","Community development",0
2010,"Ruapehu District Council","Interest income","Community development",0
2010,"Ruapehu District Council","Dividend income","Community development",0
2010,"Ruapehu District Council","Sales and other operating income","Community development",106
2010,"Ruapehu District Council","Employee costs","Community development",0
2010,"Ruapehu District Council","Depreciation and amortisation","Community development",0
2010,"Ruapehu District Council","Current grants, subsidies, and donations expenditure","Community development",50
2010,"Ruapehu District Council","Interest expenditure","Community development",0
2010,"Ruapehu District Council","Purchases and other operating expenditure","Community development",23
2009,"Ruapehu District Council","Rates","Community development",129
2009,"Ruapehu District Council","Regulatory income and petrol tax","Community development",0
2009,"Ruapehu District Council","Current grants, subsidies, and donations income","Community development",0
2009,"Ruapehu District Council","Interest income","Community development",0
2009,"Ruapehu District Council","Dividend income","Community development",0
2009,"Ruapehu District Council","Sales and other operating income","Community development",0
2009,"Ruapehu District Council","Employee costs","Community development",0
2009,"Ruapehu District Council","Depreciation and amortisation","Community development",0
2009,"Ruapehu District Council","Current grants, subsidies, and donations expenditure","Community development",0
2009,"Ruapehu District Council","Interest expenditure","Community development",0
2009,"Ruapehu District Council","Purchases and other operating expenditure","Community development",0
2014,"Ruapehu District Council","Rates","Economic development",0
2014,"Ruapehu District Council","Regulatory income and petrol tax","Economic development",0
2014,"Ruapehu District Council","Current grants, subsidies, and donations income","Economic development",0
2014,"Ruapehu District Council","Interest income","Economic development",0
2014,"Ruapehu District Council","Dividend income","Economic development",0
2014,"Ruapehu District Council","Sales and other operating income","Economic development",0
2014,"Ruapehu District Council","Employee costs","Economic development",0
2014,"Ruapehu District Council","Depreciation and amortisation","Economic development",0
2014,"Ruapehu District Council","Current grants, subsidies, and donations expenditure","Economic development",0
2014,"Ruapehu District Council","Interest expenditure","Economic development",0
2014,"Ruapehu District Council","Purchases and other operating expenditure","Economic development",0
2013,"Ruapehu District Council","Rates","Economic development",369
2013,"Ruapehu District Council","Regulatory income and petrol tax","Economic development",0
2013,"Ruapehu District Council","Current grants, subsidies, and donations income","Economic development",0
2013,"Ruapehu District Council","Interest income","Economic development",0
2013,"Ruapehu District Council","Dividend income","Economic development",0
2013,"Ruapehu District Council","Sales and other operating income","Economic development",10
2013,"Ruapehu District Council","Employee costs","Economic development",0
2013,"Ruapehu District Council","Depreciation and amortisation","Economic development",0
2013,"Ruapehu District Council","Current grants, subsidies, and donations expenditure","Economic development",0
2013,"Ruapehu District Council","Interest expenditure","Economic development",0
2013,"Ruapehu District Council","Purchases and other operating expenditure","Economic development",0
2012,"Ruapehu District Council","Rates","Economic development",764
2012,"Ruapehu District Council","Regulatory income and petrol tax","Economic development",0
2012,"Ruapehu District Council","Current grants, subsidies, and donations income","Economic development",158
2012,"Ruapehu District Council","Interest income","Economic development",0
2012,"Ruapehu District Council","Dividend income","Economic development",0
2012,"Ruapehu District Council","Sales and other operating income","Economic development",32
2012,"Ruapehu District Council","Employee costs","Economic development",0
2012,"Ruapehu District Council","Depreciation and amortisation","Economic development",0
2012,"Ruapehu District Council","Current grants, subsidies, and donations expenditure","Economic development",71
2012,"Ruapehu District Council","Interest expenditure","Economic development",0
2012,"Ruapehu District Council","Purchases and other operating expenditure","Economic development",718
2011,"Ruapehu District Council","Rates","Economic development",0
2011,"Ruapehu District Council","Regulatory income and petrol tax","Economic development",0
2011,"Ruapehu District Council","Current grants, subsidies, and donations income","Economic development",0
2011,"Ruapehu District Council","Interest income","Economic development",0
2011,"Ruapehu District Council","Dividend income","Economic development",0
2011,"Ruapehu District Council","Sales and other operating income","Economic development",0
2011,"Ruapehu District Council","Employee costs","Economic development",0
2011,"Ruapehu District Council","Depreciation and amortisation","Economic development",0
2011,"Ruapehu District Council","Current grants, subsidies, and donations expenditure","Economic development",0
2011,"Ruapehu District Council","Interest expenditure","Economic development",0
2011,"Ruapehu District Council","Purchases and other operating expenditure","Economic development",0
2010,"Ruapehu District Council","Rates","Economic development",176
2010,"Ruapehu District Council","Regulatory income and petrol tax","Economic development",0
2010,"Ruapehu District Council","Current grants, subsidies, and donations income","Economic development",0
2010,"Ruapehu District Council","Interest income","Economic development",0
2010,"Ruapehu District Council","Dividend income","Economic development",0
2010,"Ruapehu District Council","Sales and other operating income","Economic development",0
2010,"Ruapehu District Council","Employee costs","Economic development",0
2010,"Ruapehu District Council","Depreciation and amortisation","Economic development",0
2010,"Ruapehu District Council","Current grants, subsidies, and donations expenditure","Economic development",43
2010,"Ruapehu District Council","Interest expenditure","Economic development",0
2010,"Ruapehu District Council","Purchases and other operating expenditure","Economic development",622
2009,"Ruapehu District Council","Rates","Economic development",740
2009,"Ruapehu District Council","Regulatory income and petrol tax","Economic development",0
2009,"Ruapehu District Council","Current grants, subsidies, and donations income","Economic development",0
2009,"Ruapehu District Council","Interest income","Economic development",0
2009,"Ruapehu District Council","Dividend income","Economic development",0
2009,"Ruapehu District Council","Sales and other operating income","Economic development",315
2009,"Ruapehu District Council","Employee costs","Economic development",285
2009,"Ruapehu District Council","Depreciation and amortisation","Economic development",0
2009,"Ruapehu District Council","Current grants, subsidies, and donations expenditure","Economic development",0
2009,"Ruapehu District Council","Interest expenditure","Economic development",0
2009,"Ruapehu District Council","Purchases and other operating expenditure","Economic development",940
2014,"Ruapehu District Council","Rates","Governance",1621
2014,"Ruapehu District Council","Regulatory income and petrol tax","Governance",0
2014,"Ruapehu District Council","Current grants, subsidies, and donations income","Governance",0
2014,"Ruapehu District Council","Interest income","Governance",0
2014,"Ruapehu District Council","Dividend income","Governance",0
2014,"Ruapehu District Council","Sales and other operating income","Governance",42
2014,"Ruapehu District Council","Employee costs","Governance",124
2014,"Ruapehu District Council","Depreciation and amortisation","Governance",0
2014,"Ruapehu District Council","Current grants, subsidies, and donations expenditure","Governance",0
2014,"Ruapehu District Council","Interest expenditure","Governance",0
2014,"Ruapehu District Council","Purchases and other operating expenditure","Governance",87
2013,"Ruapehu District Council","Rates","Governance",991
2013,"Ruapehu District Council","Regulatory income and petrol tax","Governance",0
2013,"Ruapehu District Council","Current grants, subsidies, and donations income","Governance",0
2013,"Ruapehu District Council","Interest income","Governance",0
2013,"Ruapehu District Council","Dividend income","Governance",0
2013,"Ruapehu District Council","Sales and other operating income","Governance",0
2013,"Ruapehu District Council","Employee costs","Governance",0
2013,"Ruapehu District Council","Depreciation and amortisation","Governance",0
2013,"Ruapehu District Council","Current grants, subsidies, and donations expenditure","Governance",0
2013,"Ruapehu District Council","Interest expenditure","Governance",0
2013,"Ruapehu District Council","Purchases and other operating expenditure","Governance",4
2012,"Ruapehu District Council","Rates","Governance",976
2012,"Ruapehu District Council","Regulatory income and petrol tax","Governance",0
2012,"Ruapehu District Council","Current grants, subsidies, and donations income","Governance",0
2012,"Ruapehu District Council","Interest income","Governance",0
2012,"Ruapehu District Council","Dividend income","Governance",0
2012,"Ruapehu District Council","Sales and other operating income","Governance",0
2012,"Ruapehu District Council","Employee costs","Governance",0
2012,"Ruapehu District Council","Depreciation and amortisation","Governance",0
2012,"Ruapehu District Council","Current grants, subsidies, and donations expenditure","Governance",0
2012,"Ruapehu District Council","Interest expenditure","Governance",0
2012,"Ruapehu District Council","Purchases and other operating expenditure","Governance",366
2011,"Ruapehu District Council","Rates","Governance",1365
2011,"Ruapehu District Council","Regulatory income and petrol tax","Governance",0
2011,"Ruapehu District Council","Current grants, subsidies, and donations income","Governance",0
2011,"Ruapehu District Council","Interest income","Governance",0
2011,"Ruapehu District Council","Dividend income","Governance",0
2011,"Ruapehu District Council","Sales and other operating income","Governance",0
2011,"Ruapehu District Council","Employee costs","Governance",0
2011,"Ruapehu District Council","Depreciation and amortisation","Governance",0
2011,"Ruapehu District Council","Current grants, subsidies, and donations expenditure","Governance",0
2011,"Ruapehu District Council","Interest expenditure","Governance",0
2011,"Ruapehu District Council","Purchases and other operating expenditure","Governance",315
2010,"Ruapehu District Council","Rates","Governance",151
2010,"Ruapehu District Council","Regulatory income and petrol tax","Governance",0
2010,"Ruapehu District Council","Current grants, subsidies, and donations income","Governance",0
2010,"Ruapehu District Council","Interest income","Governance",0
2010,"Ruapehu District Council","Dividend income","Governance",0
2010,"Ruapehu District Council","Sales and other operating income","Governance",0
2010,"Ruapehu District Council","Employee costs","Governance",241
2010,"Ruapehu District Council","Depreciation and amortisation","Governance",0
2010,"Ruapehu District Council","Current grants, subsidies, and donations expenditure","Governance",0
2010,"Ruapehu District Council","Interest expenditure","Governance",0
2010,"Ruapehu District Council","Purchases and other operating expenditure","Governance",114
2009,"Ruapehu District Council","Rates","Governance",2089
2009,"Ruapehu District Council","Regulatory income and petrol tax","Governance",0
2009,"Ruapehu District Council","Current grants, subsidies, and donations income","Governance",0
2009,"Ruapehu District Council","Interest income","Governance",0
2009,"Ruapehu District Council","Dividend income","Governance",0
2009,"Ruapehu District Council","Sales and other operating income","Governance",1
2009,"Ruapehu District Council","Employee costs","Governance",1852
2009,"Ruapehu District Council","Depreciation and amortisation","Governance",0
2009,"Ruapehu District Council","Current grants, subsidies, and donations expenditure","Governance",0
2009,"Ruapehu District Council","Interest expenditure","Governance",0
2009,"Ruapehu District Council","Purchases and other operating expenditure","Governance",99
2014,"Ruapehu District Council","Rates","Council support services",575
2014,"Ruapehu District Council","Regulatory income and petrol tax","Council support services",166
2014,"Ruapehu District Council","Current grants, subsidies, and donations income","Council support services",0
2014,"Ruapehu District Council","Interest income","Council support services",36
2014,"Ruapehu District Council","Dividend income","Council support services",11
2014,"Ruapehu District Council","Sales and other operating income","Council support services",0
2014,"Ruapehu District Council","Employee costs","Council support services",0
2014,"Ruapehu District Council","Depreciation and amortisation","Council support services",0
2014,"Ruapehu District Council","Current grants, subsidies, and donations expenditure","Council support services",575
2014,"Ruapehu District Council","Interest expenditure","Council support services",1707
2014,"Ruapehu District Council","Purchases and other operating expenditure","Council support services",2953
2013,"Ruapehu District Council","Rates","Council support services",1154
2013,"Ruapehu District Council","Regulatory income and petrol tax","Council support services",451
2013,"Ruapehu District Council","Current grants, subsidies, and donations income","Council support services",0
2013,"Ruapehu District Council","Interest income","Council support services",19
2013,"Ruapehu District Council","Dividend income","Council support services",1
2013,"Ruapehu District Council","Sales and other operating income","Council support services",41
2013,"Ruapehu District Council","Employee costs","Council support services",3883
2013,"Ruapehu District Council","Depreciation and amortisation","Council support services",558
2013,"Ruapehu District Council","Current grants, subsidies, and donations expenditure","Council support services",0
2013,"Ruapehu District Council","Interest expenditure","Council support services",1857
2013,"Ruapehu District Council","Purchases and other operating expenditure","Council support services",10087
2012,"Ruapehu District Council","Rates","Council support services",0
2012,"Ruapehu District Council","Regulatory income and petrol tax","Council support services",468
2012,"Ruapehu District Council","Current grants, subsidies, and donations income","Council support services",0
2012,"Ruapehu District Council","Interest income","Council support services",42
2012,"Ruapehu District Council","Dividend income","Council support services",0
2012,"Ruapehu District Council","Sales and other operating income","Council support services",0
2012,"Ruapehu District Council","Employee costs","Council support services",4070
2012,"Ruapehu District Council","Depreciation and amortisation","Council support services",358
2012,"Ruapehu District Council","Current grants, subsidies, and donations expenditure","Council support services",0
2012,"Ruapehu District Council","Interest expenditure","Council support services",342
2012,"Ruapehu District Council","Purchases and other operating expenditure","Council support services",1398
2011,"Ruapehu District Council","Rates","Council support services",570
2011,"Ruapehu District Council","Regulatory income and petrol tax","Council support services",0
2011,"Ruapehu District Council","Current grants, subsidies, and donations income","Council support services",0
2011,"Ruapehu District Council","Interest income","Council support services",45
2011,"Ruapehu District Council","Dividend income","Council support services",0
2011,"Ruapehu District Council","Sales and other operating income","Council support services",0
2011,"Ruapehu District Council","Employee costs","Council support services",4122
2011,"Ruapehu District Council","Depreciation and amortisation","Council support services",348
2011,"Ruapehu District Council","Current grants, subsidies, and donations expenditure","Council support services",570
2011,"Ruapehu District Council","Interest expenditure","Council support services",381
2011,"Ruapehu District Council","Purchases and other operating expenditure","Council support services",1658
2010,"Ruapehu District Council","Rates","Council support services",3963
2010,"Ruapehu District Council","Regulatory income and petrol tax","Council support services",618
2010,"Ruapehu District Council","Current grants, subsidies, and donations income","Council support services",0
2010,"Ruapehu District Council","Interest income","Council support services",45
2010,"Ruapehu District Council","Dividend income","Council support services",6
2010,"Ruapehu District Council","Sales and other operating income","Council support services",7
2010,"Ruapehu District Council","Employee costs","Council support services",3958
2010,"Ruapehu District Council","Depreciation and amortisation","Council support services",293
2010,"Ruapehu District Council","Current grants, subsidies, and donations expenditure","Council support services",28
2010,"Ruapehu District Council","Interest expenditure","Council support services",460
2010,"Ruapehu District Council","Purchases and other operating expenditure","Council support services",2511
2009,"Ruapehu District Council","Rates","Council support services",31
2009,"Ruapehu District Council","Regulatory income and petrol tax","Council support services",0
2009,"Ruapehu District Council","Current grants, subsidies, and donations income","Council support services",0
2009,"Ruapehu District Council","Interest income","Council support services",130
2009,"Ruapehu District Council","Dividend income","Council support services",23
2009,"Ruapehu District Council","Sales and other operating income","Council support services",0
2009,"Ruapehu District Council","Employee costs","Council support services",65
2009,"Ruapehu District Council","Depreciation and amortisation","Council support services",438
2009,"Ruapehu District Council","Current grants, subsidies, and donations expenditure","Council support services",31
2009,"Ruapehu District Council","Interest expenditure","Council support services",420
2009,"Ruapehu District Council","Purchases and other operating expenditure","Council support services",163
2014,"Ruapehu District Council","Rates","Other activities",0
2014,"Ruapehu District Council","Regulatory income and petrol tax","Other activities",0
2014,"Ruapehu District Council","Current grants, subsidies, and donations income","Other activities",0
2014,"Ruapehu District Council","Interest income","Other activities",0
2014,"Ruapehu District Council","Dividend income","Other activities",0
2014,"Ruapehu District Council","Sales and other operating income","Other activities",0
2014,"Ruapehu District Council","Employee costs","Other activities",0
2014,"Ruapehu District Council","Depreciation and amortisation","Other activities",339
2014,"Ruapehu District Council","Current grants, subsidies, and donations expenditure","Other activities",0
2014,"Ruapehu District Council","Interest expenditure","Other activities",0
2014,"Ruapehu District Council","Purchases and other operating expenditure","Other activities",0
2013,"Ruapehu District Council","Rates","Other activities",0
2013,"Ruapehu District Council","Regulatory income and petrol tax","Other activities",0
2013,"Ruapehu District Council","Current grants, subsidies, and donations income","Other activities",0
2013,"Ruapehu District Council","Interest income","Other activities",0
2013,"Ruapehu District Council","Dividend income","Other activities",0
2013,"Ruapehu District Council","Sales and other operating income","Other activities",0
2013,"Ruapehu District Council","Employee costs","Other activities",0
2013,"Ruapehu District Council","Depreciation and amortisation","Other activities",0
2013,"Ruapehu District Council","Current grants, subsidies, and donations expenditure","Other activities",0
2013,"Ruapehu District Council","Interest expenditure","Other activities",0
2013,"Ruapehu District Council","Purchases and other operating expenditure","Other activities",1238
2012,"Ruapehu District Council","Rates","Other activities",0
2012,"Ruapehu District Council","Regulatory income and petrol tax","Other activities",0
2012,"Ruapehu District Council","Current grants, subsidies, and donations income","Other activities",0
2012,"Ruapehu District Council","Interest income","Other activities",0
2012,"Ruapehu District Council","Dividend income","Other activities",0
2012,"Ruapehu District Council","Sales and other operating income","Other activities",0
2012,"Ruapehu District Council","Employee costs","Other activities",0
2012,"Ruapehu District Council","Depreciation and amortisation","Other activities",0
2012,"Ruapehu District Council","Current grants, subsidies, and donations expenditure","Other activities",0
2012,"Ruapehu District Council","Interest expenditure","Other activities",0
2012,"Ruapehu District Council","Purchases and other operating expenditure","Other activities",0
2011,"Ruapehu District Council","Rates","Other activities",0
2011,"Ruapehu District Council","Regulatory income and petrol tax","Other activities",0
2011,"Ruapehu District Council","Current grants, subsidies, and donations income","Other activities",0
2011,"Ruapehu District Council","Interest income","Other activities",0
2011,"Ruapehu District Council","Dividend income","Other activities",0
2011,"Ruapehu District Council","Sales and other operating income","Other activities",0
2011,"Ruapehu District Council","Employee costs","Other activities",0
2011,"Ruapehu District Council","Depreciation and amortisation","Other activities",0
2011,"Ruapehu District Council","Current grants, subsidies, and donations expenditure","Other activities",0
2011,"Ruapehu District Council","Interest expenditure","Other activities",0
2011,"Ruapehu District Council","Purchases and other operating expenditure","Other activities",0
2010,"Ruapehu District Council","Rates","Other activities",0
2010,"Ruapehu District Council","Regulatory income and petrol tax","Other activities",0
2010,"Ruapehu District Council","Current grants, subsidies, and donations income","Other activities",0
2010,"Ruapehu District Council","Interest income","Other activities",0
2010,"Ruapehu District Council","Dividend income","Other activities",0
2010,"Ruapehu District Council","Sales and other operating income","Other activities",0
2010,"Ruapehu District Council","Employee costs","Other activities",0
2010,"Ruapehu District Council","Depreciation and amortisation","Other activities",0
2010,"Ruapehu District Council","Current grants, subsidies, and donations expenditure","Other activities",0
2010,"Ruapehu District Council","Interest expenditure","Other activities",0
2010,"Ruapehu District Council","Purchases and other operating expenditure","Other activities",0
2009,"Ruapehu District Council","Rates","Other activities",0
2009,"Ruapehu District Council","Regulatory income and petrol tax","Other activities",0
2009,"Ruapehu District Council","Current grants, subsidies, and donations income","Other activities",0
2009,"Ruapehu District Council","Interest income","Other activities",0
2009,"Ruapehu District Council","Dividend income","Other activities",0
2009,"Ruapehu District Council","Sales and other operating income","Other activities",0
2009,"Ruapehu District Council","Employee costs","Other activities",275
2009,"Ruapehu District Council","Depreciation and amortisation","Other activities",0
2009,"Ruapehu District Council","Current grants, subsidies, and donations expenditure","Other activities",0
2009,"Ruapehu District Council","Interest expenditure","Other activities",0
2009,"Ruapehu District Council","Purchases and other operating expenditure","Other activities",0
